Asset Id,DOI,Title,Asset Type,Asset Published Year,wendy's note
9924285787401921,,"Klossowski on Nietzsche's Eternal Return, Heidegger on 'Ecstatic Temporality' and the Temporalization of the Preexistent Logos and Jesus's Anticipation of Death in the Gospels",Journal article,2025,
9924285787701921,,Undoing Heidegger’s Reading of Hegel’s Phenomenology of Spirit in Being and Time While Exposing Derrida’s Flawed Deconstructive Critique of Heidegger’s Reading of Hegel in General,Journal article,2025,
9924438365801921,,AN ANALYSIS OF MASSINISSA’S GRAIN DONATION TO HELLENISTIC DELOS,Journal article,2025,
9924444645501921,10.48550/arxiv.2501.05518,A multi-frequency study of sub-parsec jets with the Event Horizon Telescope,Journal article,2025,arxiv preprint + published 10.1051/0004-6361/202452600
9924446064301921,,Teaching the Bible in Public School: A Jewish Perspective on a Watershed Moment,Journal article,2025,
9924453264701921,,"Jews, Lincoln, and the American Election of 1864",Journal article,2025,
9924458786201921,,Walls' Stable Realization for Diffeomorphisms of Definite 4-manifolds,Journal article,2025,arxiv preprint
9924468965601921,10.26509/frbc-wp-202336,Can Supply Shocks Be Inflationary with a Flat Phillips Curve?,Journal article,2025,
9924471857701921,10.1386/ijcm.2.2-3.227_1,From the Music Director,Journal article,2025,
9924480623801921,10.1016/j.ssmqr.2025.100568,Self-reported pathways through which illicitly manufactured fentanyl enters the stimulant supply: Novel insights from people incarcerated for drug manufacturing and distribution Self-reported pathways through which illicitly manufactured fentanyl enters the stimulant supply: Novel insights from people incarcerated for drug manufacturing and distribution,Journal article,2025,dupe (deleted)
9924488742101921,10.1016/j.bpj.2025.09.009,Biological Processes as Exploratory Dynamics,Journal article,2025,dupe (deleted)
9924490976001921,10.1017/cbo9781139878678.035,Brave Lord Willoughby,Journal article,2025,
9924500935201921,,The Chilling of Data Sharing and Reuse for Clinical Therapeutics:  Lives at Risk in the Current Era,Journal article,2025,10.1016/j.clinthera.2025.08.006
9924526926901921,10.1525/abt.2025.87.6.364,Seven Short Reflections on Symmetry,Journal article,2025,dupe (deleted)
9924316279301921,10.1016/j.dhjo.2023.101555,A year of milestones and US policy shifts in disability and health - A review of 2023,Journal article,2024,dupe (deleted)
9924317587101921,10.1086/730220,Price Selection in the Microdata,Journal article,2024,dupe (deleted)
9924340280301921,,Environmental Degradation and Forced Displacement in Africa,Journal article,2024,
9924342786201921,,Mozart’s Jewish Librettist: A Brief History of a Poorly Kept Secret,Journal article,2024,
9924344187101921,,Building Cross-Cultural Relationships in a Global Workplace,Journal article,2024,magazine article
9924344486701921,10.48550/arxiv.2304.10426,Binomial Convolutions for Rational Power Series,Journal article,2024,
9924346713301921,,You Can Never Read Too Much About Shakespeare,Journal article,2024,review about targoff's book (deleted)
9924346713501921,,"Mother, may I?",Journal article,2024,
9924357587501921,,Leveraging an Innovation Model to Facilitate ICD-11 Implementation,Journal article,2024,n/a (has PMCID: PMC11102059  PMID: 40135699)
9924368787601921,,NEKRASOV'S FRAME LYRIC AS SOCIAL POETICS: STOPPING IN THE VILLAGE ON THE ROAD TO POETOPIA,Journal article,2024,
9924373087501921,,Modeling the development of intuitive mechanics,Journal article,2024,conference proceedings
9924377086401921,,Women Wrote: Glikl in Context,Journal article,2024,
9924379873701921,,Cooper Twofer,Journal article,2024,
9924385081901921,,"Protecting, Learning, and Connecting: A Portrait de una familia bilingüe en lenguaje dual—Flor, Samuel, y Melanie",Journal article,2024,
9924398887601921,,Phenolic syringyl end groups in 13 C-enriched hardwoods detected and quantified by solid-state NMR,Journal article,2024,10.1016/j.ssnmr.2024.101947
9924402354701921,,Louis Lusky: Defense Attorney for Democracy,Journal article,2024,
9924414886901921,,WHO'S AFRAID OF A COMUNISTA?,Journal article,2024,
9924415687601921,10.1016/j.worlddev.2024.106608,State-owned enterprises as countercyclical instruments : quasi-experimental evidence from the infrastructure sector,Journal article,2024,dupe (deleted)
9924415775401921,10.1016/j.jmoneco.2024.103568,Indirect consumer inflation expectations : theory and evidence,Journal article,2024,10.1016/j.jmoneco.2024.103568
9924416237501921,,"The living Torah as life of action: a jurisprudential approach to the early thought of ""Ha-Po'el Ha-Mizrahi""",Journal article,2024,"working paper, published 10.1016/j.jmoneco.2024.103568"
9924416237701921,,"Wicked Hanan (""Hanan bisha"") meets the American ""bad man"": literary and legal perspectives on the addressee of financial penalties",Journal article,2024,
9924417883601921,10.1051/0004-6361/202450497,Broadband Multi-wavelength Properties of M87 during the 2018 EHT Campaign including a Very High Energy Flaring Episode,Journal article,2024,
9924423425001921,,From external focus to internal reflection: enhancing intra-government collaborative governance in Africa,Journal article,2024,
9924423428201921,10.1016/j.dhjo.2024.101765,Intersectional inequities in maternal mortality: Examining the compounded risks for black birthing individuals with physical disabilities,Journal article,2024,
9924424396501921,,A Tale of Two Tarīqas: The Iraqi and Khurasani Shāfiʿī Communities in the Fourth/Tenth and Fifth/Eleventh Centuries,Journal article,2024,
9924425396701921,10.1371/journal.pntd.0011835,Cost-effectiveness of vector control for supplementing mass drug administration for eliminating lymphatic filariasis in India,Journal article,2024,
9924425680001921,10.37765/ajmc.2024.89653,Mandatory Medicare bundled payment and the future of hospital reimbursement,Journal article,2024,
9924426647801921,10.1177/17470218241301415,Individual control of input rate improves recall of spoken discourse by adult users of cochlear implants: An exploratory study,Journal article,2024,
9924426682101921,10.1073/pnas.2410345121,Asymmetric fluctuations and self-folding of active interfaces,Journal article,2024,
9924427116401921,10.1007/s10461-024-04567-w,Correction: Rapid Assessment Amid an Injection Drug Use-Driven HIV Outbreak in Massachusetts' Merrimack Valley: Highlights from a Case Study,Journal article,2024,
9924427780001921,10.1073/pnas.2417323121,Biofilm formation by Staphylococcus aureus is triggered by a drop in the levels of a cyclic dinucleotide,Journal article,2024,
9924427882301921,,"Ecos órficos y afrobrasileños en Réquiem por Yarini, de Carlos Felipe",Journal article,2024,
9924430682101921,,"从思想史看“大分流”: 兼论现代性研究中的范式突破与再理论化 (Rethinking the ""Great Divergence” Thesis Through Intellectual History: New Paradigms and Theories in the Study of Modernity)",Journal article,2024,
9924432713301921,,Rereading the Story of the Oven of Akhnai: From Interpretive Rights to Interpretive Responsibilities,Journal article,2024,
9924441065601921,,The Micro-Site Simulation Project: Developing Accessible and Inclusive Lab-Based Archaeological Pedagogies,Journal article,2024,
9924445965401921,,"Las tareas del paisaje cultural minero en Marmato, Caldas",Journal article,2024,
9924446065301921,,How to Make Small Talk with Anyone from Anywhere,Journal article,2024,
9924446165701921,,La Politique sonore chez Guillaume Cretin,Journal article,2024,
9924453265001921,,"""Certainty Has Never Been Mine"": The Denominational Eclecticism of David Ellenson",Journal article,2024,
9924453563701921,,The Living Torah as Life of Action: A Jurisprudential Approach to the Early Thought of Ha-Po’el Ha-Mizraḥi,Journal article,2024,
9924455064801921,10.18653/v1/d15-1221,Ghostwriter,Journal article,2024,
9924456463201921,,Special Section:  Roundtable on Kathryn Beliveau Feuer's Tolstoy and the Genesis of War and Peace: Essays,Journal article,2024,
9924457365001921,,《“艺术终结”的未终结——多事之秋的美国当代艺术》,Journal article,2024,
9924457365101921,,《东欧“印痕”和困境的联动》,Journal article,2024,
9924457453201921,10.48550/arxiv.2311.17134,GlycoNMR: Dataset and benchmarks for NMR chemical shift prediction of carbohydrates with graph neural networks,Journal article,2024,
9924457453701921,,Fashionably Ethical Indigeneity: Ethical and Sustainable Fashion in Peru,Journal article,2024,
9924457464301921,,"Arabs, Turks, Iranians: Prospects for Cooperation and Prevention of Conflict",Journal article,2024,
9924457759601921,,Metrical Properties of Functions of Consecutive Digits in Lüroth Series,Journal article,2024,
9924457761301921,,"""קולות מחונקות"": על 'שגגה' מאת רבקה אלפר: 'Suffocated Voices': An Essay about Rivka Alper's Unpublished Story “Mistake”",Journal article,2024,
9924466557401921,10.5860/choice.36-6136,Reading Lessons,Journal article,2024,
9924505135801921,,A new Phoenician ostrakon from Dor and an assessment of writing in the ancient city,Journal article,2024,
9924187787401921,10.1016/j.dhjo.2022.101409,DHJO looks to the future,Journal article,2023,
9924202787501921,10.1016/j.bpj.2022.11.2655,Modeling heterochromatin dynamics in S. pombe across diverse timescales,Journal article,2023,
9924202787701921,10.1016/j.bpj.2022.11.318,Identifying the role of the FACT histone chaperone in epigenetics through single-molecule fluorescence imaging,Journal article,2023,
9924204479301921,,Of Scrolls and Tears: Trinh Mai's Archival Art and Organic Ephemera,Journal article,2023,
9924206058701921,10.35542/osf.io/9qnfp,A Case for Increased Rigor in AAC Research: A Methodological Quality Review,Journal article,2023,
9924206186501921,,Rocks and Kindness,Journal article,2023,
9924206186601921,10.1093/alh/ajac237,The Multispecies We: Democracy and Pronouns in the Environmental Novel,Journal article,2023,
9924209283901921,,"Maternar: Familiaridades extrañas en Los niños de Carolina Sanín, La hija única de Guadalupe Nettel, La perra de Pilar Quintana, y Mugre Rosa de Fernanda Trías",Journal article,2023,
9924209817401921,,MODALITIES OF SOCIAL CHANGE LAWYERING,Journal article,2023,
9924210150601921,,Climate Peacebuilding: A Reset for Major Power Relations?,Journal article,2023,
9924210150901921,10.1093/ml/gcac077,The Indicative Mood: A Response to Margaret Bent,Journal article,2023,
9924210440001921,10.1353/wmq.2023.0011,Strategies of Succession and the 1797 Treaty of Big Tree,Journal article,2023,
9924211183201921,,Iambs and Isotopes,Journal article,2023,
9924214566101921,10.1017/s0009838819000375,Acrostics,Journal article,2023,
9924215386301921,10.1037/amp0001016,Addressing health inequities for children in immigrant families: Psychologists as leaders and links across systems,Journal article,2023,
9924215486301921,10.64628/aai.etkqsctek,What’s a ‘gig’ job? How it’s legally defined affects workers’ rights and protections,Journal article,2023,
9924215787301921,10.1016/j.dhjo.2023.101450,The evolution of disability and health research and practice,Journal article,2023,
9924215861701921,10.2139/ssrn.4338209,Stabilising financial markets: lending and market making as a last resort,Journal article,2023,
9924217092001921,,DMKPs provide a generalizable strategy for studying genes required for reproduction or viability in non-traditional model organisms,Journal article,2023,
9924234456701921,,Climate Change as a Civic Challenge: Collaborative Models for American Policy and Practice,Journal article,2023,
9924263986801921,10.1103/physrevlett.130.221601,Accelerating Cosmology from a Holographic Wormhole,Journal article,2023,
9924270485901921,10.1016/j.bbapap.2023.140931,The Fe and Zn cofactor dilemma,Journal article,2023,
9924275480801921,10.1016/j.jfs.2022.101087,Addressing spillovers from prolonged U.S. monetary policy easing,Journal article,2023,
9924275582401921,10.21773/boun.37.1.2,The Effects of The Post-2013 Socio-Political Turmoil on International Tourism Demand in Emerging Economies: An Oaxaca-Blinder Decomposition Approach,Journal article,2023,
9924275713101921,,The New Rules of GLOBALIZATION: Should the board keep the nation's best interests in mind when considering a company's long-term success?,Journal article,2023,
9924277444501921,,"Tel 'Afar (Tell al-Akhdar): a monastic or estate church on the Via Maris south of Caesarea / Ofra Barkai, Alexandra Ratzlaff, Itamar Taxel",Journal article,2023,
9924277450201921,10.1371/journal.pclm.0000241,Climate Obstruction in the Global South: Future Research Trajectories,Journal article,2023,
9924277586601921,10.1016/j.drugalcdep.2022.109699,A review of factors associated with methadone maintenance treatment adherence and retention in Vietnam,Journal article,2023,
9924278813101921,10.1103/physrevlett.131.041002,First Dark Matter Search Results from the LUX-ZEPLIN (LZ) Experiment,Journal article,2023,
9924278862901921,10.1093/pnasnexus/pgad130,Spatio-temporal patterning of extensile active stresses in microtubule-based active fluids,Journal article,2023,
9924279987301921,10.5840/symposion202310214,Magnifying Lacan’s “Mirror Image” (1949) to Develop the Undeveloped Notion of ‘Being-Towards-Birth’ in Heidegger’s Being and Time (1927),Journal article,2023,
9924284387701921,,The Judaism Inside Being and Time that Heidegger Could not See: On the Secret of Heidegger's anti-Semitism,Journal article,2023,
9924291985501921,10.33423/jlae.v20i3.6426,Transcending False Nonprofit Governance Dilemmas,Journal article,2023,
9924291987601921,,Experiences of Parents with Psychiatric Disabilities who have Child Welfare Involvement: Perspectives from Parents and Staff Providing Legal Services,Journal article,2023,
9924304475601921,10.1177/0032258x231211478,A Thematic Analysis of the Effectiveness of The Assisting Rehabilitation through Collaboration (ARC) Programme,Journal article,2023,
9924312087701921,,"הפרופסורית מארה""ב שאלה, והמורים בישראל ענו:  מחקר חדש על הוראה בימי מלחמה",Journal article,2023,
9924314517401921,10.37765/ajac.2023.89475,The Impact of Nurse Practitioner Attribution in Medicare Shared Savings ACOs,Journal article,2023,
9924316183101921,,"Insulin and circadian rhythm genes of the Nile rat (Arvicanthis niloticus) are conserved and orthologous to those in the rat, mouse and human",Journal article,2023,
9924316586101921,10.1080/02684527.2023.2291868,The Art of double-cross: writers in strategic deception during World War Two,Journal article,2023,
9924316686901921,,Big News: Climate Change and the Business Cycle,Journal article,2023,
9924316878901921,10.1021/acs.biochem.2c00233,Hydroxylation Regiochemistry Is Robust to Active Site Mutations in Cytochrome P450,Journal article,2023,
9924317083901921,,Financial Sustainability of Novel Delivery Models in Behavioral Health Treatment,Journal article,2023,
9924318286101921,,The world was not enough: A Jewish intellectual who fused the secular with the sacred,Journal article,2023,
9924325886101921,,Getting Jiggy,Journal article,2023,
9924330974701921,10.48550/arxiv.2202.11212,Metrical properties for the weighted products of multiple partial quotients in continued fractions,Journal article,2023,
9924330987301921,10.14324/111.444.jhs.2024v55.13,Response to Shirli Gilbert,Journal article,2023,
9924333087201921,10.1016/j.pacfin.2023.102029,Earnings announcement premium and return volatility : is it consistent with risk-return trade-off?,Journal article,2023,
9924336687501921,,Alternating Coefficients of Powers of Polynomials Proposal,Journal article,2023,
9924340178501921,,史诗性和马兆： 用卢卡奇理论强解电影《流浪地球 2》,Journal article,2023,
9924340178701921,,《远游和溯源：荷尔德林的诗歌地理》,Journal article,2023,
9924340181201921,,漫谈马克思主义的历史剧难题（下）——从郭沫若历史剧谈起,Journal article,2023,
9924340274401921,,"""Child Labor Redux: Why Now? What to Do?""",Journal article,2023,
9924340282301921,,Two Pioneers of Nativist Ink Painting in Taiwan: Yuan Chin-Taa  and Hung Ken-Shen,Journal article,2023,
9924346377001921,,Addressing the Unique and Diverse Needs of Heritage Learners through Technology,Journal article,2023,
9924372850901921,,Symposium: Options for Egalitarian Marriage within Halakhah,Journal article,2023,
9924393184601921,10.48550/arxiv.2210.05717,FIVE LECTURES ON CLUSTER THEORY,Journal article,2023,
9924432713201921,10.1093/oso/9780198811374.003.0004,The Puzzling Talmud,Journal article,2023,
9924440765601921,,Loans from Attic Temples to the State,Journal article,2023,
9924463902801921,,Mozart’s Jewish librettist: a brief history of a poorly kept secret,Journal article,2023,
9924481565601921,,Mind the Gap: Mitigating the Distribution Gap in Graph Few-shot Learning,Journal article,2023,
9924096598401921,,"""T’filat"" HaAdam and the maturation of Israeli reform",Journal article,2022,
9924100502601921,,The Mediator as the Eye of the Storm: Active Perception of Emotions through the Nonverbal,Journal article,2022,
9924115979101921,10.1068/a130339,What is public safety?,Journal article,2022,
9924144218901921,10.1017/s1557466022031606,"""Dwelling on my Falling"": Yukiyo Kawano's Nuclear Vision",Journal article,2022,
9924144220801921,,"When Launching a Collaboration, Keep It Agile",Journal article,2022,
9924150853301921,,"Jewish Involvement in Local Kehilot, the Sejm, and Municipalities in Interwar Poland",Journal article,2022,
9924152156301921,,Discovering the Formation of Sound: First-grade students explore sound through a variety of makeshift instruments,Journal article,2022,
9924152159501921,,Interpreting Logical Metonymy through Dense Paraphrasing,Journal article,2022,
9924158182501921,,Breaking Down The Silos: Integrating Jewish And General History,Journal article,2022,
9924167487601921,,Exploring Self-Efficacy in the Classroom with a Chaos Theory of Careers Curriculum,Journal article,2022,
9924167579901921,,"The Problem of Sovereignty, Religious Metaphysics, Violence, and the Continued Justification of Caste: A Cross-Fertilization of Bataille’s Theory of Religion (1972) and Ambedkar’s “Krishna and His Gita”",Journal article,2022,
9924178285401921,,Adapting Derrida's Critique of the Death Penalty to Dismantle Societal White Supremacy,Journal article,2022,
9924184966701921,10.2979/jims.7.1.10,Third Annual Islamic Philosophy Conference,Journal article,2022,
9924188587501921,,Psychometric Performance of the SF-6D Quality of Life Measure in an Outpatient Population with Bipolar Disorder,Journal article,2022,
9924193487301921,,"Heidegger’s Fourfold in ""The Thing"" and the Quadruplicity in Hegel’s Science of Logic",Journal article,2022,
9924193487401921,,Between Heidegger’s 1936 Lecture on Schelling and Schelling’s 1809 Treatise on the Essence of Human Freedom Lies a Secret Hegel,Journal article,2022,
9924200587001921,,Should the Western Concept of the University Change?,Journal article,2022,
9924200587101921,,Derrida's Jewish Question,Journal article,2022,
9924206284501921,,"Shepherds, Fathers, and Ships: Ancient Greek Leadership Metaphors and Some Consequences,",Journal article,2022,
9924206987701921,,"War, Ukraine, and American Theatre: A Call to Action",Journal article,2022,
9924209579101921,,¿Qué tan antiguas son las piedras grabadas en el Museo de la Casa del Mendrugo en Puebla?,Journal article,2022,
9924209583901921,,Issledovanie Apokalipsisa arkhimandrita Feodora (Bukhareva): bibleiskaia germenevtika i tserkovnaia politika v Rossii serediny XIX v,Journal article,2022,
9924211286301921,,马克思主义的历史剧难题·上篇,Journal article,2022,
9924211286601921,,《郭沫若研究的“自我批判”》,Journal article,2022,
9924211286701921,,宇宙写真——从《女神》中的歌德神话到郭沫若早期作品的镜像构造,Journal article,2022,
9924211286801921,,《从歌德遗产到“时代精神” ——文化政治中的郭沫若、冯至和卢卡奇》,Journal article,2022,
9924211286901921,,《葛兰西与中国左翼：重新评价一场错过的相遇》,Journal article,2022,
9924211287001921,,"On Some Encounters with the Soviet Humans: Revolutionary Travel Writing, Modern Chinese Writers, and World Literature",Journal article,2022,
9924211587601921,,El Don Juan tardío: Valle-Inclán más allá del principio del placer,Journal article,2022,
9924214387501921,,Chofetz Chaim–Yavneh Day School Merger Attempt (1959–1968),Journal article,2022,
9924215863101921,,"Helen Levinthal: an opportunity for ""T’shuvah"" and justice at HUC-JIR",Journal article,2022,
9924224852701921,,A Stochastic Variational Inequality Approach to the Nash Equilibrium Model of a Manufacturer-Supplier Game under Uncertainty,Journal article,2022,
9924269907601921,,Reevaluating the role of American Jewry during the Holocaust,Journal article,2022,
9924298677501921,10.1515/jpme.1997.25.1.9,OBITUARIES,Journal article,2022,
9924301087501921,,Jewish Political Life in Poland on the Eve of the Second World War,Journal article,2022,
9924316175201921,,My Narratology.: An Interview with Susan S. Lanser,Journal article,2022,
9924316184101921,10.3389/fcell.2022.867374,The Amazing Evolutionary Complexity of Eukaryotic Tubulins: Lessons from,Journal article,2022,
9924316187401921,,"Dietary Carbohydrate as Glycemic Load, Not Fat, Coupled with",Journal article,2022,
9924316586001921,10.1039/d1gc04479f,Sustainable electrochemical C(sp,Journal article,2022,
9924316687501921,,Visible-light-driven CQDs/TiO,Journal article,2022,
9924037138701921,10.2139/ssrn.3867034,Measuring price selection in microdata: it's not there,Journal article,2021,
9924037153901921,,Economic implications of RCEP for the EU and Japan,Journal article,2021,
9924050363301921,10.1177/00027162211022712,Legacies of racial violence: clarifying and addressing the presence of the past,Journal article,2021,
9924050697001921,,The Movement and the Middle East: How the Arab-Israeli Conflict Divided the American Left,Journal article,2021,
9924055487101921,,Putting All Three Components of Digital Transformation to Work on Campus,Journal article,2021,
9924061224301921,10.2139/ssrn.3675361,Regulation and dishonest behavior: how controlling regulatory mechanisms prompt dishonesty in tax consulting,Journal article,2021,
9924067477001921,10.1002/cmdc.202000924,A Quick Route to Multiple Highly Potent SARS-CoV-2 Main Protease Inhibitors,Journal article,2021,
9924081025301921,,DISAGGREGATING THE POLICING FUNCTION,Journal article,2021,
9924082870601921,,The promise of self-sufficient production,Journal article,2021,
9924086770701921,10.1038/s41436-020-00952-7,A randomized controlled trial of an online health tool about Down syndrome,Journal article,2021,
9924086900201921,,The Only Arrangement Acceptable to Serious-Minded Modern Jews,Journal article,2021,
9924089746301921,10.13109/wdor.2021.51.2.125,The Hymn to Marduk (Ludlul bēl nēmeqi I 1-42) Reconsidered,Journal article,2021,
9924097299101921,,Building back to leave no one behind: disability-inclusive COVID-19 response and recovery in Africa,Journal article,2021,
9924103304701921,,"La puissance de joie en médiation, ou la composition des rapports",Journal article,2021,
9924103455701921,10.3917/polam.035.0015,Small Donors in US Elections,Journal article,2021,
9924103490201921,,Alt-Signaling: Fascistic Communication and the Power of Subterranean Style,Journal article,2021,
9924105304601921,,Tel Dor (northeast): preliminary report / Dor Golan and Alexandra Ratzlaff,Journal article,2021,
9924111011401921,,"Teaching Mass Movements in the PRC, with Special Reference to Mao’s Great Leap Forward Campaign, 1958-1962",Journal article,2021,
9924111114901921,,Challenge your Notions of Photography and Landscape with Two Exhibitions Exploring Decades of Process and Ideology,Journal article,2021,
9924111417201921,10.64628/aai.d5mvexu4j,What the policing response to the KKK in the 1960s can teach about dismantling white supremacist groups today,Journal article,2021,
9924111715701921,,"Workplace Bullying: Nature, Consequences, and Recommended Policies",Journal article,2021,
9924112416601921,10.2307/2393553,In Perspective,Journal article,2021,
9924115091201921,10.12987/9780300195125-001,Lawrence Langer: An Introduction,Journal article,2021,
9924115489201921,,Alien Orientations and Disruptions in William Alexander’s Ambassador (2014).,Journal article,2021,
9924131525901921,10.2139/ssrn.3677532,An Innovative Approach to Movement Lawyering:: An Immigrant Rights Case Study,Journal article,2021,
9924140709801921,,A cross-sectional study determining the predictors of enrollment in Ghana's national health insurance scheme,Journal article,2021,
9924141120701921,,Shimon Ballas: Exile by Choice,Journal article,2021,
9924141121101921,,A Translator Against his Will: Samir Naqqash as a Multilingual writer in an Age of National Partitions (in Hebrew),Journal article,2021,
9924143224301921,,On Luigi Cazzaniga's film 9/11: What I Saw,Journal article,2021,
9924144001101921,,The Pandemic and the Distribution of Choice,Journal article,2021,
9924144025201921,10.1016/j.diin.2005.04.001,The Joys of Complexity,Journal article,2021,
9924144117301921,,A Documentary Milestone: evisiting Black Theatre: The Making of a Movement,Journal article,2021,
9924144210501921,,ML-In-Databases: Assessment and Prognosis,Journal article,2021,
9924144214001921,,"Paul Celan, Ossip Mandelstam und der Segen von Babel",Journal article,2021,
9924144216501921,,When Was Sex Ever Good? A Black Feminist Provocation,Journal article,2021,
9924144216601921,10.3102/00346543074002171,Becoming Women of Color,Journal article,2021,
9924144218801921,,Transforming domestic angels in Seejarim's 'The Mundane and the Magical',Journal article,2021,
9924146066701921,,文明再造和自我意识的远游,Journal article,2021,
9924148768401921,,The Texas Archeological Society: An Analysis of Current Demographics and Diachronic BTAS Authorship (1929–2019),Journal article,2021,
9924149269001921,,Chaucer,Journal article,2021,
9924150830201921,10.1159/000362720,Falling,Journal article,2021,
9924150867401921,10.1039/d0sm02192j,Static adhesion hysteresis in elastic structures,Journal article,2021,
9924150868501921,10.1073/pnas.2102873118,Active liquid crystals powered by force-sensing DNA-motor clusters,Journal article,2021,
9924150978301921,10.2979/transition.130.1.14,Sixteen-Nineteen and the Myth of Return,Journal article,2021,
9924151038801921,,"Measurement-induced purification in large-<mml:math xmlns:mml=""http://www.w3.org/1998/Math/MathML"">N</mml:math> hybrid Brownian circuits",Journal article,2021,
9924151769001921,,Lay People's Advocacy and Resistance in Talmudic Adjudication Narratives,Journal article,2021,
9924154069201921,10.48550/arxiv.2110.15682,Overview of ADoBo 2021: Automatic Detection of Unassimilated Borrowings in the Spanish Press,Journal article,2021,
9924158187301921,,A Documentary Milestone: Revisiting Black Theatre: The Making of a Movement,Journal article,2021,
9924159296501921,,"Intermittences. Memory, Justice & the Poetics of the Visible in Uruguay. Ana Forcinito (2018). Pittsburgh, Pittsburgh University Press, 258 pp",Journal article,2021,
9924159779201921,,Julian (the Apos)Tweets,Journal article,2021,
9924159784101921,10.1080/19424396.2021.12222780,Organizational Health Literacy in Oral Health: A Multilevel Perspective,Journal article,2021,
9924159785701921,,The Future of U.S. Security Force Assistance,Journal article,2021,
9924167577901921,,The best and worst of times: The paradox of social media and Ethiopian politics,Journal article,2021,
9924167579801921,,"Reading Derrida’s “Abraham, the Other” to Deconstruct the Philosophical Roots of Anti-Semitism",Journal article,2021,
9924179504201921,10.1162/afar_a_00584,"""Where Shall We Place Our Hope?"": COVID-19 and the Imperiled National Body in South Africa's ""Lockdown Collection""",Journal article,2021,
9924182883801921,,"Franz Liszt on Beethoven, Mendelssohn, Meyerbeer, and Donizetti",Journal article,2021,
9924209583501921,,"American Catholic Press:  Religious NEP, Repression and Laicization (1925-1939)",Journal article,2021,
9924217283401921,,How should we treat Sephardic studies as a research discipline?,Journal article,2021,
9924217286301921,,A story that starts with a hyphen [סיפור שמתחיל במקף],Journal article,2021,
9924270487601921,10.1073/pnas.2016708118,Machine learning active-nematic hydrodynamics,Journal article,2021,
9924270687601921,10.1101/gr.265157.120,A mosquito small RNA genomics resource reveals dynamic evolution and host responses to viruses and transposons,Journal article,2021,
9924292795301921,10.1177/002200277301700302,Daylight Saving,Journal article,2021,
9924301087401921,,ODPOWIEDZI NA ANKIETĘ - ANTONY POLONSKY,Journal article,2021,
9924315804401921,10.48550/arxiv.0704.3731,Catalan's intervals and realizers of triangulations,Journal article,2021,
9924316383701921,,"Correction to:An autosomal dominant neurological disorder caused by de novo variants in FAR1 resulting in uncontrolled synthesis of ether lipids (Genetics in Medicine, (2021), 23, 4, (740-750), 10.1038/s41436-020-01027-3)",Journal article,2021,
9924316487401921,10.1038/s41436-021-01216-8,Heterozygous loss-of-function variants significantly expand the phenotypes associated with loss of GDF11,Journal article,2021,
9924316585401921,10.1021/acs.orglett.1c00726,Synthesis of Mannosidase-Stable Man,Journal article,2021,
9924316686701921,10.1163/9789004421912_006,Maqlû III 1-30: Internal analysis and manuscript evidence for the revision of an incantation,Journal article,2021,
9924316987401921,,MOUNTING INCENTIVES FOR NORTHEAST ASIAN ECONOMIC INTEGRATION,Journal article,2021,
9924318687501921,10.1001/jamanetworkopen.2021.10936,Effect of Community Health Workers on 30-Day Hospital Readmissions in an Accountable Care Organization Population,Journal article,2021,
9924320786101921,,First measurement of the cross section for top quark pair production with additional charm jets using dileptonic final states in pp collisions at √s=13TeV,Journal article,2021,
9924324784301921,,Constraints on the initial state of PbPb collisions via measurements of Z boson yields and azimuthal anisotropy at √sNN= 5.02 TeV,Journal article,2021,
9924347886101921,,An Arretine Pottery Fragment with Potter’s Stamp Recovered from Vescovado di Murlo (Provincia di Siena),Journal article,2021,
9923906570001921,10.1080/2005615x.2015.1048607,Family History Curriculum.,Journal article,2020,
9923970133701921,10.1038/s41586-019-1913-9,Patterns of somatic structural variation in human cancer genomes,Journal article,2020,
9924014261501921,,Responding to the Legal Needs of Parents with Psychiatric Disabilities: Insights from Parent Interviews,Journal article,2020,
9924014401801921,,The Americans with Disabilities Act and Termination of Parental Rights Cases: An Examination of Appellate Decisions Involving Disabled Mothers,Journal article,2020,
9924027285101921,10.1353/jqr.2020.0024,“A Remote Right to Entry”: Defining Boundaries in the Early Years of the Jewish Quarterly Review,Journal article,2020,
9924028422601921,10.1086/mar202024108,The adaption and fusion of Near Eastern treaty and law in legal narrative of the Hebrew Bible,Journal article,2020,
9924032282301921,,TOP 10 IT ISSUES 2020: The Drive to Digital Transformation Begins,Journal article,2020,
9924050513601921,,"B ījāni, Retas and Zēr Napšāti: The ""Seeds of Creatures"" in the Indic Flood Myth",Journal article,2020,
9924050696001921,,"Sowing the Seeds of Uncertainty: The Transmutation of the Mesopotamian Flood Myth in India, Iran, and the Classical World",Journal article,2020,
9924055487301921,,"Area D-West: The 2005, 2008, 2009, and 2011 seasons",Journal article,2020,
9924066198501921,,The URX oxygen-sensing neurons in C. elegan s are ciliated,Journal article,2020,
9924081024701921,,THE PLAGUE OF EXCESSIVE FORCE: Working Together to Find a Cure,Journal article,2020,
9924081025601921,,Policing's Information Problem,Journal article,2020,
9924081025701921,,The evolving role of geoscientists,Journal article,2020,
9924082986001921,,Terminating the parental rights of mothers with disabilities: An empirical legal analysis.,Journal article,2020,
9924086126301921,10.1109/tnnls.2020.3040379,Learnable Subspace Clustering,Journal article,2020,
9924086234901921,,"NOTRE-DAME DE PARIS, BY GÉRARD DE NERVAL (1808–1855)",Journal article,2020,
9924086392101921,10.1093/mnras/staa526,Stellar mass as a galaxy cluster mass proxy: application to the Dark Energy Survey redMaPPer clusters,Journal article,2020,
9924086411001921,,"Permeable, and: When One Known to You Dies, the Rearranging of Space and Time Begins",Journal article,2020,
9924086416501921,10.48550/arxiv.2007.10568,Buffer Pool Aware Query Scheduling via Deep Reinforcement Learning,Journal article,2020,
9924086430201921,10.1037/pag0000453,Risk of cognitive declines with retirement: Who declines and why?,Journal article,2020,
9924086521901921,10.1093/mnras/staa2757,The environment of Lyman break analogues (ELBA) survey: star-forming galaxies in small groups,Journal article,2020,
9924086538801921,10.48550/arxiv.2008.05644,A Deep Learning Approach for COVID-19 Trend Prediction,Journal article,2020,
9924086617201921,10.1080/08854726.2020.1723191,Education for professional chaplaincy in the US: mapping current practice in Clinical Pastoral Education (CPE),Journal article,2020,
9924086619601921,10.48550/arxiv.2007.05796,Isotopy and equivalence of knots in 3-manifolds,Journal article,2020,
9924086629201921,10.1140/epjqt/s40507-020-0080-0,AEDGE: Atomic Experiment for Dark Matter and Gravity Exploration in Space,Journal article,2020,
9924086644601921,10.48550/arxiv.2012.02947,Neurosymbolic AI for Situated Language Understanding,Journal article,2020,
9924086649601921,10.1016/j.astropartphys.2019.102391,Measurement of the gamma ray background in the Davis cavern at the Sanford Underground Research Facility,Journal article,2020,
9924086657901921,10.7202/1076909ar,Predicting Employment Notice Period with Machine Learning: Promises and Limitations,Journal article,2020,
9924086672901921,,Situated Meaning in Multimodal Dialogue: Human-Robot and Human-Computer Interactions,Journal article,2020,
9924086684701921,,"How Bigger Was Born Anew: Adaptation, Refiguration, and Double Consciousness in Nambi E. Kelley's Native Son",Journal article,2020,
9924086769501921,10.1103/physrevd.101.052002,Projected WIMP sensitivity of the LUX-ZEPLIN dark matter experiment,Journal article,2020,
9924086866501921,10.18653/v1/2020.findings-emnlp.13,Transformer-GCRF: Recovering Chinese Dropped Pronouns with General Conditional Random Fields,Journal article,2020,
9924086873701921,10.1080/19428200.2020.1761214,Academic Precarity and the COVID-19 Pandemic: Utopian Hope in a Moment of Crisis,Journal article,2020,
9924086883201921,10.48550/arxiv.2007.09053,Situated Multimodal Control of a Mobile Robot: Navigation through a Virtual Environment,Journal article,2020,
9924093902701921,,"Homeplace: A Site of Resistance, Revisited",Journal article,2020,
9924103485201921,,Xochicalco en Mexico-Tenochtitlan: apropiaciones gráficas en la tradición escrita tardía de la Cuenca de México,Journal article,2020,
9924103499701921,,The Complicated Science of a Medically Assisted Death,Journal article,2020,
9924103499901921,,How Our Assisted Dying Laws Work Against Some People Who Suffer the Most,Journal article,2020,
9924103500101921,,"COVID-19 Won't Let Us Forget Our Maddening, Precious Mortality",Journal article,2020,
9924103573901921,,"The American Catholic Press: Religious NEP, Repression, and Laicization (1925-1939)",Journal article,2020,
9924103584401921,,Yi shige ding kongjian: Hexian zongdu Mo Cong (Mo Tianci) ‘Hexian shiyong’ kao 以诗歌定空间: 河仙总督莫琮 (莫天赐) '河仙十咏考',Journal article,2020,
9924111009901921,,Corona und die Wahlen im Iran : die wichtigsten Diskussionen fanden in den sozialen Medien statt,Journal article,2020,
9924112013101921,,Three Flash Essays on the Border,Journal article,2020,
9924115788701921,,"Comprehensive analysis of chromothripsis in 2,658 human cancers using whole-genome sequencing",Journal article,2020,
9924117662301921,,Le texte ougaritique RS 16.266 : vue d'ensemble,Journal article,2020,
9924117667601921,,THE CONTRIBUTIONS OF THE CENTER FOR RETIREMENT RESEARCH AT BOSTON COLLEGE: 2008–2017,Journal article,2020,
9924129524801921,10.1111/phn.12666,Building Consensus through Community Building,Journal article,2020,
9924141121201921,,On the Linguistic Borderlands (in Hebrew),Journal article,2020,
9924146066801921,,旅行书写于社会主义想象: 以郭沫若的苏联纪行为中心,Journal article,2020,
9924147055301921,10.1177/0886260517704227,Corporal Punishment and Child Aggression: Ethnic-Level Family Cohesion as a Moderator,Journal article,2020,
9924150769801921,,A figurine with a possible Early Aramaic inscripition: Madadh Richey,Journal article,2020,
9924160185201921,10.1016/j.esg.2020.100075,Planetary justice: Prioritizing the poor in earth system governance,Journal article,2020,
9924209583101921,,Revolution and Religion: The Confessional Policy of the Provisional Government,Journal article,2020,
9924267187401921,,"When One Known to You Dies, the Rearranging of Space and Time Begins",Journal article,2020,
9924267187501921,10.1103/physrevlett.84.4184,Permeable,Journal article,2020,
9924275187501921,,Ugaritic Monsters I: The 'atuku 'Bound One' and Its Sumerian Parallels,Journal article,2020,
9924385081501921,,"'Making' civics, designing inquiry: Mobilizing civic educationthrough integrative learning in pre-kindergarten'",Journal article,2020,
9924388487701921,,"מבקר הספרות העברית כמבקר ספרות אירופי/ת בעקבות ""הספרות העברית כספרות אירופית"" למנחם ברינקר",Journal article,2020,
9924458664601921,,Anti-caste aesthetics and Dalit interventions in Indian cinema,Journal article,2020,
9923906572401921,,When the Wolves of Hate are Loosed,Journal article,2019,
9923972811501921,10.48550/arxiv.1912.03557,Growth Mode Selection of Radially Growing Turing Patterns,Journal article,2019,
9923972896301921,10.1039/c9tb01250h,Hyaluronic acid modified doxorubicin loaded Fe 3 O 4 nanoparticles effectively inhibit breast cancer metastasis,Journal article,2019,
9923973083401921,10.1016/j.gca.2018.12.036,Experimental evidence for abiotic formation of low-temperature proto-dolomite facilitated by clay minerals,Journal article,2019,
9923994575201921,10.1038/s41467-019-08904-9,Atomic electrostatic maps of 1D channels in 2D semiconductors using 4D scanning transmission electron microscopy,Journal article,2019,
9924011605201921,10.48550/arxiv.1907.04787,Accurate Frequency Domain Identification of ODEs with Arbitrary Signals,Journal article,2019,
9924027224101921,,"Statement by the Co-Editors on the Recent Special Issue of Israel Studies (24.2, Summer 2019) ""Word Crimes; Reclaiming The Language of the Israeli-Palestinian Conflict""",Journal article,2019,
9924027228901921,,The End of the World That 1948 Made,Journal article,2019,
9924027270301921,,Some observations on the babylon section of Enūma Elis,Journal article,2019,
9924027351101921,,Two Versions of a Šuilla to Gula,Journal article,2019,
9924027375101921,,The 1946 exchange between Rav Tzair (Chaim Tchernowitz) and Rav Binyamin (Yehoshua Radler-Feldman) on bi-nationalism and the creation of a Jewish state,Journal article,2019,
9924027385401921,,"Courage, betrayal, and the Roman state: persons enslaved to Christians in the persecution at Lyons (177 CE)",Journal article,2019,
9924028613401921,10.1534/genetics.119.302392,Using a Robust and Sensitive GFP-Based cGMP Sensor for Real-Time Imaging in Intact Caenorhabditis elegans,Journal article,2019,
9924035763801921,,Cost savings from a navigator intervention for repeat detoxification clients,Journal article,2019,
9924038359501921,,Patient and clinician experiences with telehealth for patient follow-up care,Journal article,2019,
9924050513701921,,"Courage, betrayal, and the Roman state: persons enslaved to Christians in the persecution at Lyons (177 CE)",Journal article,2019,
9924055377001921,,"Courage, betrayal, and the Roman state: persons enslaved to Christians in the persecution at Lyons (177 CE)",Journal article,2019,
9924085821401921,10.1177/0759106319854989,"The Methodology of ""Varieties of Democracy"" (V-Dem)",Journal article,2019,
9924085952101921,10.7554/elife.45968,Impact of precisely-timed inhibition of gustatory cortex on taste behavior depends on single-trial ensemble dynamics,Journal article,2019,
9924085996701921,10.3847/1538-4357/ab3a45,A DECam Search for Explosive Optical Transients Associated with IceCube Neutrino Alerts,Journal article,2019,
9924086285401921,10.1177/2332858419890326,Save Your Strokes: Chinese Handwriting Practice Makes for Ineffective Use of Instructional Time in Second Language Classrooms,Journal article,2019,
9924086301401921,10.4171/aihpd/82,Unified bijections for planar hypermaps with general cycle-length constraints,Journal article,2019,
9924086303601921,,Astro2020 APC White Paper: The MegaMapper: a z > 2 spectroscopic instrument for the study of Inflation and Dark Energy,Journal article,2019,
9924086387601921,,Locating Consciousness: Why Experience Can't Be Objectified,Journal article,2019,
9924086396101921,,Visions of Medieval Trans Feminism: An Introduction,Journal article,2019,
9924086400101921,10.48550/arxiv.1907.08968,Infant Mortality Prediction using Birth Certificate Data,Journal article,2019,
9924086401201921,10.48550/arxiv.1902.01886,Situational Grounding within Multimodal Simulations,Journal article,2019,
9924086402401921,10.48550/arxiv.1903.04629,Multi-Messenger Astronomy with Extremely Large Telescopes,Journal article,2019,
9924086404401921,10.1186/s13326-019-0210-8,Analysis of Risk Factor Domains in Psychosis Patient Health Records,Journal article,2019,
9924086407401921,10.13173/zeitaltobiblrech.25.2019.0181,The common scribal school culture of Deuteronomy and the Covenant code,Journal article,2019,
9924086410301921,10.1186/s12916-019-1396-4,Estimating the burden of dengue and the impact of release of wMel Wolbachia-infected mosquitoes in Indonesia: a modelling study,Journal article,2019,
9924086415201921,,Re-enterant efficiency of phototaxis in Chlamydomonas reinhardtii cells,Journal article,2019,
9924086421801921,10.48550/arxiv.1908.09984,Caring for Alzheimer's Disease Caregivers: A Qualitative Study Investigating Opportunities for Exergame Innovation,Journal article,2019,
9924086494501921,10.1126/sciadv.aba2331,All twist and no bend makes raft edges splay: Spontaneous curvature of domain edges in colloidal membranes,Journal article,2019,
9924086520001921,,Flexible Operator Embeddings via Deep Learning,Journal article,2019,
9924086520801921,10.48550/arxiv.1907.08126,Lectures on entanglement entropy in field theory and holography,Journal article,2019,
9924086547501921,10.48550/arxiv.1909.08161,Multimodal Continuation-style Architectures for Human-Robot Interaction,Journal article,2019,
9924086551501921,10.3847/2041-8213/ab08a3,A Search for Optical Emission from Binary Black Hole Merger GW170814 with the Dark Energy Camera,Journal article,2019,
9924086580701921,10.2307/jj.7079927,Gender and Jewish law,Journal article,2019,
9924086583101921,,"Structure, dynamics and phase behavior of short rod inclusions dissolved in a colloidal membrane",Journal article,2019,
9924086607201921,,First Walk on Sea Ice; The Fossil Whale; Turnaround Day; The Blinds Must Be Closed by Dusk,Journal article,2019,
9924086608201921,,The 2018 Swedish Election Campaign on Twitter,Journal article,2019,
9924086614001921,10.1353/sor.2019.0034,Loyalty versus Fidelity: A Study in Moral Pluralism,Journal article,2019,
9924086648801921,,Hitler at the Garden,Journal article,2019,
9924086652701921,10.48550/arxiv.1906.02128,Recovering Dropped Pronouns in Chinese Conversations via Modeling Their Referents,Journal article,2019,
9924086663001921,10.1088/1742-5468/ab6097,Statistical properties of a tangentially driven active filament,Journal article,2019,
9924086685701921,10.7554/elife.48694,Length-dependent disassembly maintains four different flagellar lengths in Giardia,Journal article,2019,
9924086685801921,10.48550/arxiv.1903.04553,Gravity and Light: Combining Gravitational Wave and Electromagnetic Observations in the 2020s,Journal article,2019,
9924086756301921,10.4171/lem/64-3/4-11,Rational approximation on quadrics: a simplex lemma and its consequences,Journal article,2019,
9924086779301921,10.1016/j.jalgebra.2020.01.025,Resolution quiver and cyclic homology criteria for Nakayama algebras,Journal article,2019,
9924102802101921,,"Marmato, Colombia, August 2016",Journal article,2019,
9924103462601921,,Pour Some Pepper on Me: the King of Spices in Greece and Rome,Journal article,2019,
9924103472901921,,The Concept of the Wheel in Ancient Mesoamerica,Journal article,2019,
9924103489201921,,Polyontologism: When &quot;Syncretism&quot; Does Not Suffice,Journal article,2019,
9924103495901921,,"Aging, Ambivalent Modernities, and the Pursuit of Value in India",Journal article,2019,
9924103502101921,,"Remote Sensing and Reconnaissance along the Lacantún River: The Lakamtuun Dynasty and the Sites of El Palma and Benemérito de las Américas, Primera Sección",Journal article,2019,
9924103502201921,,"Yaxchilan from the Perspective of Guatemala: New Data on Settlement, Fortifications, and Sculptural Monuments",Journal article,2019,
9924103572301921,10.21638/11701/spbu02.2019.407,Prelude to Revolution in the Church,Journal article,2019,
9924103584201921,,"Review of Global History and New Polycentric Approaches: Europe, Asia and the Americas in a World Network System",Journal article,2019,
9924103601701921,,The Ever-Expanding Field of Genetic Counseling: Information for Pre-Health Advisors,Journal article,2019,
9924103604201921,10.37514/jwa-j.2019.3.1.12,When scores do not increase: Notes on quantitative approaches to writing assessment,Journal article,2019,
9924103686601921,,Unified Harvard Art Museums Launch with Restored Rothkos,Journal article,2019,
9924111015501921,,How to Disrupt the Link Between Crime and Extremism,Journal article,2019,
9924111115901921,,"Process, Practice, and Presence: Looking Back with Tory Fair",Journal article,2019,
9924111616801921,,Воцерковление русской истории: Православие в Первой мировой войне и революции,Journal article,2019,
9924111808801921,10.1002/sdr.1625,Opportunities and Risks on the Path Forward for System Dynamics,Journal article,2019,
9924111809001921,10.1002/sdr.1621,Announcement of the 2018 Applications Award,Journal article,2019,
9924111815301921,,Why It Was So Hard to Say #MeToo and What I Learned When I Finally Did,Journal article,2019,
9924115090401921,,What the Biggest Business Deals of 2019 Tell Us About the Next Decade,Journal article,2019,
9924115487901921,,"Huguenots ou Barbares… ces adversaires sont les mêmes: Charles Maurras, André Gide, et l’esthétique comme résistance à la race",Journal article,2019,
9924115488101921,,“Like a weed on the compost of catholicity….”: Jean-Paul Sartre’s Self-Division and France’s Religious Divide,Journal article,2019,
9924117662501921,10.4000/abstractairanica.52342,A new type of Yehud stamp impression: Yhwd / Gdlyh,Journal article,2019,
9924117662701921,,Two private Babylonian period stamp impressions from Ramat Rahel,Journal article,2019,
9924117853901921,,"Responses to the Special Issue on Weak Theory, Part I: David Sherman: Chaplin Boxing",Journal article,2019,
9924128821001921,,Elizabeth Bradfield (Interview),Journal article,2019,
9924129524701921,,"Shut the concentration camps down: It’s a shameful, dangerous moment in US history",Journal article,2019,
9924131509901921,10.16997/jdd.315,Integrative Democracy: Mary Parker Follett’s Integration and Deliberative Democracy,Journal article,2019,
9924131522101921,,A Path to Shared Prosperity: INSIGHTS FROM ESOPS REVEAL THE POTENTIAL OF EMPLOYEE OWNERSHIP,Journal article,2019,
9924131522201921,,Building the Assets of Low and Moderate Income Workers and their Families,Journal article,2019,
9924143020001921,10.5840/symposion2019615,A Hegelian Reading of Derrida’s The Beast and the Sovereign Vol. I to Philosophically Expound Ambedkar’s Critique of Caste in his 1932 “Statement on Gandhji’s Fast,Journal article,2019,
9924143022301921,,Evaluating Empowerment Economics: A Preliminary Framework for Assessing Innovations in Financial Capability,Journal article,2019,
9924143994601921,10.3917/qdm.194.0057,Négociation responsable : la grande joie de persévérer dans son être avec autrui,Journal article,2019,
9924161283201921,,Samir Naqqash and His Polyglotic Literature in the Age of National Partition,Journal article,2019,
9924161283501921,,Partitions and Translations: Arab Jewish Translational Models in Fin de Siecle Palestine,Journal article,2019,
9924211177401921,,The benefits of bringing your whole identity to work,Journal article,2019,
9924230184501921,,Building a Fluent Assistive Technology Testing Pool to Improve Campus Digital Accessibility (Practice Brief),Journal article,2019,
9923906277801921,,Workers Shouldn’t Have to Sign Away their Rights to Class Action Lawsuit,Journal article,2018,
9923906558001921,10.4159/9780674978195-010,Inequality and the Fissured Workplace,Journal article,2018,
9923906561801921,,The Future of the Pittsburgh Synagogue Massacre,Journal article,2018,
9923906561901921,10.5325/studamerjewilite.37.1.0073,The Forgetting of Cora Wilburn,Journal article,2018,
9923906567901921,,Hayu Devarim Me'olam,Journal article,2018,
9923970140101921,,"Microtubule-based active fluids with improved lifetime, temporal stability and miscibility with passive soft materials",Journal article,2018,
9923972814501921,,Research progress in metabolism of hazardous exogenous chemicals in lung and their toxic action,Journal article,2018,
9923973087201921,,High-performance Si-Mn/C composite anodes with integrating inactive Mn^sub 4^Si^sub 7^ alloy for lithium-ion batteries,Journal article,2018,
9923979685101921,,Scaling behavior in steady-state contractile actomyosin network flow,Journal article,2018,
9923988238501921,,Structural Basis for Superoxide Activation of Flavobacterium Johnsoniae Class I Ribonucleotide Reductase and for Radical Initiation by its Diamangenese Cofactor,Journal article,2018,
9924027300701921,,Introduction: Special Issue: Israel at 70; Vision &amp; Reality,Journal article,2018,
9924028398601921,,Yehuda Mirsky Remembers Manhattan's Hasidic 1960s Upper West Side,Journal article,2018,
9924028417801921,,Rav Kook's Pre-Zionist Spiritual Diary,Journal article,2018,
9924028494401921,,"Like father, like son: theorizing transmission in biblical literature",Journal article,2018,
9924036497001921,,Tel Gador: final report / Ofra Barkai and Alexandra Ratzlaff,Journal article,2018,
9924036614501921,10.1016/j.worlddev.2017.01.020,Trade with Developing Countries in a Global Value Chain World,Journal article,2018,
9924036739501921,,Prospects for Economic Integration in Levant/ Levant'ta Ekonomik Butunlesme Beklentileri,Journal article,2018,
9924036742601921,,Prospects of economic integration in the Levant,Journal article,2018,
9924037260501921,,How to Compete Against the New Breed of National Champions,Journal article,2018,
9924085722501921,10.1017/s0022109017001107,Product Market Characteristics and the Choice between IPOs and Acquisitions,Journal article,2018,
9924085828001921,,Digital Fabrication and the Future of Work,Journal article,2018,
9924086127901921,,Do Reasons Expire? An Essay on Grief,Journal article,2018,
9924086129701921,10.2979/nashim.32.1.11,Protesting Women: A Literary Analysis of Bavli Adjudicatory Narratives,Journal article,2018,
9924086293901921,10.1038/npp.2017.180,Dopamine Synthesis Capacity is Associated with D2/3 Receptor Binding but Not Dopamine Release,Journal article,2018,
9924086406701921,10.30851/621003,The Center Cannot Hold:  Freedom and Self-Conception in Notes from Underground,Journal article,2018,
9924086409501921,10.1090/memo/1440,Percolation on triangulations: a bijective path to Liouville quantum gravity,Journal article,2018,
9924086418601921,10.1111/ejn.13895,Spontaneous eye blink rate and dopamine synthesis capacity: preliminary evidence for an absence of positive correlation,Journal article,2018,
9924086433301921,10.48550/arxiv.1809.10212,Towards a Hands-Free Query Optimizer through Deep Learning,Journal article,2018,
9924086434401921,10.1162/isal_a_00014,Coevolutionary Neural Population Models,Journal article,2018,
9924086436801921,10.3847/1538-4365/aae9f0,The Dark Energy Survey: Data Release 1,Journal article,2018,
9924086506101921,10.2478/quageo-2018-0030,Selected modern methods and tools for public participation in urban planning - A review,Journal article,2018,
9924086507501921,,De Novo Glycan Sequencing by Electronic Excitation Disassociation and Fixed-Charge Derivatization,Journal article,2018,
9924086524401921,10.48550/arxiv.1801.08261,Jacobian rings for homogenous vector bundles and applications,Journal article,2018,
9924086533901921,,Projected WIMP sensitivity of the LUX-ZEPLIN (LZ) dark matter experiment,Journal article,2018,
9924086539601921,10.1016/j.psychres.2018.08.081,Retirement and Depressive Symptoms: A 10-Year Cross-Lagged Analysis,Journal article,2018,
9924086550901921,10.1017/s1355617718000425,Change in cognitive performance from midlife into old age: Findings from the midlife in the United States (MIDUS) study,Journal article,2018,
9924086558601921,10.1038/nature06444,Autumn,Journal article,2018,
9924086572101921,10.48550/arxiv.1810.06499,Dilatation of outer automorphisms of Right-angled Artin Groups,Journal article,2018,
9924086573501921,10.1093/mnras/sty2711,Dark Energy Survey Year 1 results: weak lensing mass calibration of redMaPPer galaxy clusters,Journal article,2018,
9924086592101921,10.1609/aaai.v33i01.33012911,Combining Deep Learning and Qualitative Spatial Reasoning to Learn Complex Structures from Sparse Examples with Noise,Journal article,2018,
9924086594701921,10.1016/j.worlddev.2017.12.021,Conditional cash transfers for primary education : which children are left out?,Journal article,2018,
9924086595601921,10.1215/0094033x-2006-019,The Banality of the Eichmann Trial,Journal article,2018,
9924086631001921,10.1111/socf.12434,Translating Spirituality: Universalism and Particularism in the Diffusion of Spiritual Care from the United States to Israel,Journal article,2018,
9924086635301921,,"Ecostoicism, or Notes on Franzen",Journal article,2018,
9924086643801921,,Nanoparticles Binding to Lipid Membranes: from Vesicle-Based Gels to Vesicle Inversion and Destruction,Journal article,2018,
9924086651701921,10.4236/jqis.2011.12007,Quantum entanglement and the geometry of spacetime,Journal article,2018,
9924086652101921,10.1016/j.biopsych.2017.06.010,Increased Striatal Dopamine Synthesis Capacity in Gambling Addiction,Journal article,2018,
9924086683101921,10.1080/13607863.2016.1226770,Loneliness and Depressive Symptoms: The Moderating Role of the Transition Into Retirement.,Journal article,2018,
9924086737001921,10.48550/arxiv.1808.07599,Structured Interpretation of Temporal Relations,Journal article,2018,
9924086738101921,,About Face: Helping Leaders Avoid Prejudgment,Journal article,2018,
9924086866701921,,Gradient Descent for One-Hidden-Layer Neural Networks: Polynomial Convergence and SQ Lower Bounds,Journal article,2018,
9924094301701921,,Fabricating Intimacies: Artificial Silk and Frock Ladies in the Interwar Moment,Journal article,2018,
9924100398501921,,Por una Cámara Animista: Mifesto sobre la Simbiosis en el Cine Documental Sensorial y Afectivo,Journal article,2018,
9924100398601921,,Collaborations: Envisioning an Engaged Multimodal Future for Anthropology,Journal article,2018,
9924102801901921,,"Mining and the Defense of Afro-Colombian Territory: The Community of Yolombó, Colombia",Journal article,2018,
9924102895801921,,Unpacking Dispositions in Teacher Leadership,Journal article,2018,
9924102896301921,,The Best Laid Plans: Samson Benderly and Supplementary Jewish Education,Journal article,2018,
9924102902801921,10.1108/ict-07-2013-0052,Leadership Fast and Slow,Journal article,2018,
9924103197001921,,Scaling Success in Jewish Education,Journal article,2018,
9924103453301921,,Explaining the Puzzle of Democratic Divergence: Theory Confronts Experience in Tunisia and Egypt,Journal article,2018,
9924103463401921,10.5860/choice.43-4250,Boudica the warrior queen,Journal article,2018,
9924103484901921,,El Nagual de la Serpiente de Fuego y el Juego de Pelota,Journal article,2018,
9924103485001921,,El Concepto de la Rueda en Mesoamérica,Journal article,2018,
9924103501701921,,"Beyond Inventory and Mapping: LIDAR, Landscape, and Digital Landscape Architecture",Journal article,2018,
9924103588401921,,The Common Exceptionality and the Exceptional Commonality of Black Thought,Journal article,2018,
9924103603301921,,Writing Assessment Validity: Adapting Kane's Argument-Based Validation Approach to the Assessment of Writing in the Post-Process Era,Journal article,2018,
9924110915701921,,Revolution and Arab Existentialism in the Era of Decolonization: An interview with Yoav Di-Capua,Journal article,2018,
9924111011001921,10.1080/00963402.2018.1507787,North Korea Verification: Good Enough for Government Work?,Journal article,2018,
9924111015101921,,Why Jihadist Attacks have declined in Europe-And Why Europe Shouldn’t get Comfortable Yet,Journal article,2018,
9924111015201921,10.1080/1057610x.2014.974948,Tweeting the Jihad,Journal article,2018,
9924111616701921,,"The ""Long"" Church Council of 1917-1918: Institutional Crisis, Intellectual Capital",Journal article,2018,
9924111815201921,,From the December Dilemma to the December Delights,Journal article,2018,
9924115090201921,,Who Killed the GE Model?,Journal article,2018,
9924117667501921,,Will the Financial Fragility of the Elderly Increase?,Journal article,2018,
9924127225001921,,"Parents With and Without Disabilities: Demographics, Material Hardship, and Program Participation",Journal article,2018,
9924128025001921,,How to Do Things with Things: Materiality in Theory,Journal article,2018,
9924131322801921,,"On Another Ship, Elsewhere, in the Past; Neko Redux",Journal article,2018,
9924131520201921,,Comparison of the Overlap between Juvenile Justice Case Processing and Behavioral Health Screening and Referral to Services,Journal article,2018,
9924143019401921,,"The Critique of the American Ideology: Ending Gun Violence, the Death Penalty, and the Global War Machine",Journal article,2018,
9924143024601921,,"""Land Was One of the Greatest Gifts"": Women's Landownership in Dakota Indian, Immigrant Scandinavian, and African American Communities",Journal article,2018,
9924144011601921,,"Data Sharing and Citations:: New Author Guidelines Promoting Open and FAIR Data in the Earth, Space, and Environmental Sciences",Journal article,2018,
9924144102601921,,孔夫子与“人民: 郭沫若和革命儒家的浮沉,Journal article,2018,
9924144102701921,,新诗深入内陆: 纪念穆旦诞辰百周年，兼谈“中国性,Journal article,2018,
9924146067601921,,五月风暴”的几个侧面,Journal article,2018,
9924206986201921,,Enhancing Citizens Capability to Compete Globally: Rwanda’s Formal Language and Education Policy and Its Implications for Development,Journal article,2018,
9924206986601921,,The impact of mining on farming as a livelihood strategy and its implications for poverty reduction and household well-being in Ghana,Journal article,2018,
9924230483801921,10.5860/choice.44-3903,The Politics of Philanthropy,Journal article,2018,
9924276179001921,,"Parents With and Without Disabilities: Demographics, Material Hardship, and Program Participation",Journal article,2018,
9924331684901921,,Accountability and Ownership in Brazil’s Development Cooperation:  The Case of ProSavana in Mozambique,Journal article,2018,
